{
    "scene": [
        {
            "id": 15926707229904296405,
            "name": "Camera",
            "transform": {
                "position": [
                    0.0,
                    0.0,
                    -10.0
                ],
                "rotation": [
                    0.0,
                    0.0,
                    0.0,
                    0.0
                ],
                "scale": [
                    1.0,
                    1.0,
                    1.0
                ],
                "local_position": [
                    0.0,
                    0.0,
                    0.0
                ],
                "local_rotation": [
                    0.0,
                    0.0,
                    0.0,
                    0.0
                ],
                "local_scale": [
                    1.0,
                    1.0,
                    1.0
                ],
                "euler_angles": [
                    0.0,
                    0.0,
                    0.0
                ]
            },
            "components": [
                {
                    "id": 6149885260654511658,
                    "type": "Camera",
                    "aspect": 1.7777777910232544,
                    "near_z": 0.10000000149011612,
                    "far_z": 1000.0,
                    "fov": 0.5235987901687622
                }
            ],
            "children": []
        },
        {
            "id": 12558357280329044408,
            "name": "ParticleController",
            "transform": {
                "position": [
                    0.0,
                    0.0,
                    0.0
                ],
                "rotation": [
                    0.0,
                    0.0,
                    0.0,
                    0.0
                ],
                "scale": [
                    1.0,
                    1.0,
                    1.0
                ],
                "local_position": [
                    0.0,
                    0.0,
                    0.0
                ],
                "local_rotation": [
                    0.0,
                    0.0,
                    0.0,
                    0.0
                ],
                "local_scale": [
                    1.0,
                    1.0,
                    1.0
                ],
                "euler_angles": [
                    0.0,
                    0.0,
                    0.0
                ]
            },
            "components": [
                {
                    "id": 12882649138790414417,
                    "type": "ParticleController",
                    "camera": 6149885260654511658,
                    "camera_game_object": 15926707229904296405
                }
            ],
            "children": []
        }
    ]
}