{
    "scene": [
        {
            "id": 11704873185342180016,
            "name": "Camera",
            "transform": {
                "position": [
                    0.0,
                    0.0,
                    -50.0
                ],
                "rotation": [
                    0.0,
                    0.0,
                    0.0,
                    0.0
                ],
                "scale": [
                    1.0,
                    1.0,
                    1.0
                ],
                "local_position": [
                    0.0,
                    0.0,
                    0.0
                ],
                "local_rotation": [
                    0.0,
                    0.0,
                    0.0,
                    0.0
                ],
                "local_scale": [
                    1.0,
                    1.0,
                    1.0
                ],
                "euler_angles": [
                    0.0,
                    0.0,
                    0.0
                ]
            },
            "components": [
                {
                    "id": 15729268002073778136,
                    "type": "Camera",
                    "aspect": 1.7777777910232544,
                    "near_z": 0.10000000149011612,
                    "far_z": 1000.0,
                    "fov": 0.5235987901687622
                }
            ],
            "children": []
        },
        {
            "id": 14579669068633574703,
            "name": "ParticleController",
            "transform": {
                "position": [
                    0.0,
                    0.0,
                    0.0
                ],
                "rotation": [
                    0.0,
                    0.0,
                    0.0,
                    0.0
                ],
                "scale": [
                    1.0,
                    1.0,
                    1.0
                ],
                "local_position": [
                    0.0,
                    0.0,
                    0.0
                ],
                "local_rotation": [
                    0.0,
                    0.0,
                    0.0,
                    0.0
                ],
                "local_scale": [
                    1.0,
                    1.0,
                    1.0
                ],
                "euler_angles": [
                    0.0,
                    0.0,
                    0.0
                ]
            },
            "components": [
                {
                    "id": 15678299841227603534,
                    "type": "ParticleController",
                    "camera": 15729268002073778136,
                    "camera_game_object": 11704873185342180016,
                    "duration": 3.0,
                    "size": 10.0,
                    "isBurst": false,
                    "burstCount": 30,
                    "span": 0.009999999776482582,
                    "intensity": 10.0,
                    "lifeTime": 3.0,
                    "gravity": 0.0,
                    "spread": 10.0,
                    "color": [
                        1.0,
                        1.0,
                        1.0,
                        1.0
                    ]
                }
            ],
            "children": []
        }
    ]
}